student,student_status,strategy,gain,old_utility,new_utility,regret_before,regret_after,old_bundle,new_bundle,desired_items,true_preferences,reported_preferences
156,3.0,promote_single_29,2.0,28.0,30.0,14.0,12.0,"[7, 27, 30, 33]","[7, 29, 31, 33, 47]","[7, 8, 10, 11, 12, 13, 14, 15, 16, 17, 18, 19, 20, 21, 22, 23, 24, 25, 27, 28, 29, 30, 31, 32, 33, 34, 35, 36, 37, 38, 39, 41, 42, 43, 44, 45, 46, 47, 49, 50, 51, 52, 53, 54, 55, 56, 57, 58, 59, 60, 61, 62, 63, 64, 65, 66, 67, 68, 69, 70, 90, 95]","[7.0, 7.0, 7.0, 7.0, 2.0, 4.0, 7.0, 7.0, 7.0, 7.0, 7.0, 7.0, 7.0, 7.0, 7.0, 7.0, 7.0, 7.0, 7.0, 7.0, 7.0, 7.0, 7.0, 7.0, 7.0, 7.0, 7.0, 7.0, 7.0, 7.0, 7.0, 7.0, 7.0, 3.0, 4.0, 5.0, 5.0, 2.0, 6.0, 6.0, 3.0, 3.0, 1.0, 1.0, 1.0, 1.0, 3.0, 4.0, 6.0, 5.0, 5.0, 6.0, 5.0, 3.0, 4.0, 3.0, 2.0, 2.0, 5.0, 2.0, 2.0, 2.0]","[6.0, 6.0, 6.0, 6.0, 1.0, 3.0, 6.0, 6.0, 6.0, 6.0, 6.0, 6.0, 6.0, 6.0, 6.0, 6.0, 6.0, 6.0, 6.0, 6.0, 7.0, 6.0, 6.0, 6.0, 6.0, 6.0, 6.0, 6.0, 6.0, 6.0, 6.0, 6.0, 6.0, 2.0, 3.0, 4.0, 4.0, 1.0, 5.0, 5.0, 2.0, 2.0, 0.0, 0.0, 0.0, 0.0, 2.0, 3.0, 5.0, 4.0, 4.0, 5.0, 4.0, 2.0, 3.0, 2.0, 1.0, 1.0, 4.0, 1.0, 1.0, 1.0]"
166,3.0,boost_missed,7.0,14.0,21.0,14.0,7.0,"[31, 35]","[31, 35, 64]","[21, 31, 35, 64]","[7.0, 7.0, 7.0, 7.0]","[7.0, 5.0, 5.0, 7.0]"
166,3.0,demote_assigned,7.0,14.0,21.0,14.0,7.0,"[31, 35]","[31, 35, 64]","[21, 31, 35, 64]","[7.0, 7.0, 7.0, 7.0]","[7.0, 4.0, 4.0, 7.0]"
166,3.0,promote_single_64,7.0,14.0,21.0,14.0,7.0,"[31, 35]","[31, 35, 64]","[21, 31, 35, 64]","[7.0, 7.0, 7.0, 7.0]","[6.0, 6.0, 6.0, 7.0]"
81,4.0,boost_missed,1.0,23.0,24.0,13.0,12.0,"[35, 41, 50, 59]","[35, 44, 48, 68]","[14, 35, 37, 41, 44, 45, 48, 50, 51, 57, 58, 59, 61, 62, 66, 67, 68, 73, 81, 82, 84, 85]","[2.0, 7.0, 3.0, 7.0, 6.0, 2.0, 6.0, 3.0, 1.0, 1.0, 1.0, 6.0, 4.0, 5.0, 1.0, 4.0, 5.0, 3.0, 3.0, 2.0, 5.0, 3.0]","[2.0, 5.0, 3.0, 5.0, 7.0, 2.0, 6.0, 1.0, 1.0, 1.0, 1.0, 4.0, 4.0, 5.0, 1.0, 4.0, 7.0, 3.0, 3.0, 2.0, 7.0, 3.0]"
81,4.0,demote_assigned,1.0,23.0,24.0,13.0,12.0,"[35, 41, 50, 59]","[35, 44, 48, 68]","[14, 35, 37, 41, 44, 45, 48, 50, 51, 57, 58, 59, 61, 62, 66, 67, 68, 73, 81, 82, 84, 85]","[2.0, 7.0, 3.0, 7.0, 6.0, 2.0, 6.0, 3.0, 1.0, 1.0, 1.0, 6.0, 4.0, 5.0, 1.0, 4.0, 5.0, 3.0, 3.0, 2.0, 5.0, 3.0]","[2.0, 4.0, 3.0, 4.0, 6.0, 2.0, 6.0, 0.0, 1.0, 1.0, 1.0, 3.0, 4.0, 5.0, 1.0, 4.0, 5.0, 3.0, 3.0, 2.0, 5.0, 3.0]"
81,4.0,promote_single_44,2.0,23.0,25.0,13.0,11.0,"[35, 41, 50, 59]","[35, 44, 48, 59]","[14, 35, 37, 41, 44, 45, 48, 50, 51, 57, 58, 59, 61, 62, 66, 67, 68, 73, 81, 82, 84, 85]","[2.0, 7.0, 3.0, 7.0, 6.0, 2.0, 6.0, 3.0, 1.0, 1.0, 1.0, 6.0, 4.0, 5.0, 1.0, 4.0, 5.0, 3.0, 3.0, 2.0, 5.0, 3.0]","[1.0, 6.0, 2.0, 6.0, 7.0, 1.0, 5.0, 2.0, 0.0, 0.0, 0.0, 5.0, 3.0, 4.0, 0.0, 3.0, 4.0, 2.0, 2.0, 1.0, 4.0, 2.0]"
81,4.0,promote_single_68,1.0,23.0,24.0,13.0,12.0,"[35, 41, 50, 59]","[35, 48, 59, 68]","[14, 35, 37, 41, 44, 45, 48, 50, 51, 57, 58, 59, 61, 62, 66, 67, 68, 73, 81, 82, 84, 85]","[2.0, 7.0, 3.0, 7.0, 6.0, 2.0, 6.0, 3.0, 1.0, 1.0, 1.0, 6.0, 4.0, 5.0, 1.0, 4.0, 5.0, 3.0, 3.0, 2.0, 5.0, 3.0]","[1.0, 6.0, 2.0, 6.0, 5.0, 1.0, 5.0, 2.0, 0.0, 0.0, 0.0, 5.0, 3.0, 4.0, 0.0, 3.0, 7.0, 2.0, 2.0, 1.0, 4.0, 2.0]"
81,4.0,promote_single_84,1.0,23.0,24.0,13.0,12.0,"[35, 41, 50, 59]","[35, 48, 59, 84]","[14, 35, 37, 41, 44, 45, 48, 50, 51, 57, 58, 59, 61, 62, 66, 67, 68, 73, 81, 82, 84, 85]","[2.0, 7.0, 3.0, 7.0, 6.0, 2.0, 6.0, 3.0, 1.0, 1.0, 1.0, 6.0, 4.0, 5.0, 1.0, 4.0, 5.0, 3.0, 3.0, 2.0, 5.0, 3.0]","[1.0, 6.0, 2.0, 6.0, 5.0, 1.0, 5.0, 2.0, 0.0, 0.0, 0.0, 5.0, 3.0, 4.0, 0.0, 3.0, 4.0, 2.0, 2.0, 1.0, 7.0, 2.0]"
189,2.0,promote_single_36,1.0,24.0,25.0,13.0,12.0,"[28, 32, 35, 39]","[28, 31, 32, 36]","[27, 28, 29, 30, 31, 32, 33, 34, 35, 36, 37, 38, 39, 40, 41, 42, 43, 44, 45, 46, 47, 48, 49, 50, 51, 52, 53, 54, 55, 56, 57, 58, 60, 92, 94, 95]","[5.0, 7.0, 7.0, 5.0, 5.0, 7.0, 7.0, 4.0, 4.0, 6.0, 6.0, 6.0, 6.0, 3.0, 5.0, 5.0, 2.0, 3.0, 2.0, 2.0, 3.0, 1.0, 3.0, 5.0, 3.0, 6.0, 6.0, 6.0, 6.0, 6.0, 2.0, 4.0, 4.0, 4.0, 4.0, 2.0]","[4.0, 6.0, 6.0, 4.0, 4.0, 6.0, 6.0, 3.0, 3.0, 7.0, 5.0, 5.0, 5.0, 2.0, 4.0, 4.0, 1.0, 2.0, 1.0, 1.0, 2.0, 0.0, 2.0, 4.0, 2.0, 5.0, 5.0, 5.0, 5.0, 5.0, 1.0, 3.0, 3.0, 3.0, 3.0, 1.0]"
189,2.0,promote_single_54,1.0,24.0,25.0,13.0,12.0,"[28, 32, 35, 39]","[28, 31, 32, 54]","[27, 28, 29, 30, 31, 32, 33, 34, 35, 36, 37, 38, 39, 40, 41, 42, 43, 44, 45, 46, 47, 48, 49, 50, 51, 52, 53, 54, 55, 56, 57, 58, 60, 92, 94, 95]","[5.0, 7.0, 7.0, 5.0, 5.0, 7.0, 7.0, 4.0, 4.0, 6.0, 6.0, 6.0, 6.0, 3.0, 5.0, 5.0, 2.0, 3.0, 2.0, 2.0, 3.0, 1.0, 3.0, 5.0, 3.0, 6.0, 6.0, 6.0, 6.0, 6.0, 2.0, 4.0, 4.0, 4.0, 4.0, 2.0]","[4.0, 6.0, 6.0, 4.0, 4.0, 6.0, 6.0, 3.0, 3.0, 5.0, 5.0, 5.0, 5.0, 2.0, 4.0, 4.0, 1.0, 2.0, 1.0, 1.0, 2.0, 0.0, 2.0, 4.0, 2.0, 5.0, 5.0, 7.0, 5.0, 5.0, 1.0, 3.0, 3.0, 3.0, 3.0, 1.0]"
77,4.0,boost_missed,5.0,10.0,15.0,11.0,6.0,"[60, 68]","[60, 68, 70]","[13, 60, 62, 68, 70]","[4.0, 4.0, 6.0, 6.0, 5.0]","[4.0, 2.0, 7.0, 4.0, 7.0]"
77,4.0,demote_assigned,5.0,10.0,15.0,11.0,6.0,"[60, 68]","[60, 68, 70]","[13, 60, 62, 68, 70]","[4.0, 4.0, 6.0, 6.0, 5.0]","[4.0, 1.0, 6.0, 3.0, 5.0]"
77,4.0,promote_single_70,5.0,10.0,15.0,11.0,6.0,"[60, 68]","[60, 68, 70]","[13, 60, 62, 68, 70]","[4.0, 4.0, 6.0, 6.0, 5.0]","[3.0, 3.0, 5.0, 5.0, 7.0]"
151,3.0,promote_single_66,2.0,18.0,20.0,11.0,9.0,"[40, 48, 57, 58]","[40, 48, 58, 66]","[9, 12, 13, 40, 41, 42, 43, 44, 45, 46, 48, 52, 53, 54, 55, 56, 57, 58, 62, 63, 64, 66, 67, 68, 70]","[1.0, 1.0, 3.0, 2.0, 2.0, 2.0, 3.0, 2.0, 1.0, 1.0, 6.0, 2.0, 2.0, 2.0, 2.0, 2.0, 4.0, 6.0, 1.0, 4.0, 4.0, 6.0, 6.0, 5.0, 2.0]","[0.0, 0.0, 2.0, 1.0, 1.0, 1.0, 2.0, 1.0, 0.0, 0.0, 5.0, 1.0, 1.0, 1.0, 1.0, 1.0, 3.0, 5.0, 0.0, 3.0, 3.0, 7.0, 5.0, 4.0, 1.0]"
151,3.0,promote_single_67,4.0,18.0,22.0,11.0,7.0,"[40, 48, 57, 58]","[48, 57, 58, 67]","[9, 12, 13, 40, 41, 42, 43, 44, 45, 46, 48, 52, 53, 54, 55, 56, 57, 58, 62, 63, 64, 66, 67, 68, 70]","[1.0, 1.0, 3.0, 2.0, 2.0, 2.0, 3.0, 2.0, 1.0, 1.0, 6.0, 2.0, 2.0, 2.0, 2.0, 2.0, 4.0, 6.0, 1.0, 4.0, 4.0, 6.0, 6.0, 5.0, 2.0]","[0.0, 0.0, 2.0, 1.0, 1.0, 1.0, 2.0, 1.0, 0.0, 0.0, 5.0, 1.0, 1.0, 1.0, 1.0, 1.0, 3.0, 5.0, 0.0, 3.0, 3.0, 5.0, 7.0, 4.0, 1.0]"
151,3.0,promote_single_68,3.0,18.0,21.0,11.0,8.0,"[40, 48, 57, 58]","[48, 57, 58, 68]","[9, 12, 13, 40, 41, 42, 43, 44, 45, 46, 48, 52, 53, 54, 55, 56, 57, 58, 62, 63, 64, 66, 67, 68, 70]","[1.0, 1.0, 3.0, 2.0, 2.0, 2.0, 3.0, 2.0, 1.0, 1.0, 6.0, 2.0, 2.0, 2.0, 2.0, 2.0, 4.0, 6.0, 1.0, 4.0, 4.0, 6.0, 6.0, 5.0, 2.0]","[0.0, 0.0, 2.0, 1.0, 1.0, 1.0, 2.0, 1.0, 0.0, 0.0, 5.0, 1.0, 1.0, 1.0, 1.0, 1.0, 3.0, 5.0, 0.0, 3.0, 3.0, 5.0, 5.0, 7.0, 1.0]"
219,1.0,boost_missed,3.0,20.0,23.0,10.0,7.0,"[1, 8, 26, 90]","[8, 26, 27, 33, 94]","[1, 8, 10, 13, 26, 27, 28, 29, 32, 33, 90, 92, 94]","[7.0, 4.0, 4.0, 2.0, 7.0, 4.0, 4.0, 4.0, 3.0, 4.0, 2.0, 2.0, 4.0]","[5.0, 2.0, 6.0, 2.0, 5.0, 6.0, 4.0, 4.0, 3.0, 6.0, 0.0, 2.0, 6.0]"
219,1.0,demote_assigned,2.0,20.0,22.0,10.0,8.0,"[1, 8, 26, 90]","[1, 8, 26, 33]","[1, 8, 10, 13, 26, 27, 28, 29, 32, 33, 90, 92, 94]","[7.0, 4.0, 4.0, 2.0, 7.0, 4.0, 4.0, 4.0, 3.0, 4.0, 2.0, 2.0, 4.0]","[4.0, 1.0, 4.0, 2.0, 4.0, 4.0, 4.0, 4.0, 3.0, 4.0, 0.0, 2.0, 4.0]"
59,5.0,boost_missed,3.0,10.0,13.0,10.0,7.0,"[86, 87]","[64, 81, 87]","[62, 64, 69, 73, 81, 86, 87]","[6.0, 4.0, 2.0, 4.0, 4.0, 5.0, 5.0]","[7.0, 4.0, 2.0, 4.0, 6.0, 3.0, 3.0]"
59,5.0,demote_assigned,3.0,10.0,13.0,10.0,7.0,"[86, 87]","[64, 81, 87]","[62, 64, 69, 73, 81, 86, 87]","[6.0, 4.0, 2.0, 4.0, 4.0, 5.0, 5.0]","[6.0, 4.0, 2.0, 4.0, 4.0, 2.0, 2.0]"
59,5.0,promote_single_81,4.0,10.0,14.0,10.0,6.0,"[86, 87]","[81, 86, 87]","[62, 64, 69, 73, 81, 86, 87]","[6.0, 4.0, 2.0, 4.0, 4.0, 5.0, 5.0]","[5.0, 3.0, 1.0, 3.0, 7.0, 4.0, 4.0]"
126,4.0,boost_missed,6.0,12.0,18.0,10.0,4.0,"[40, 41]","[40, 42, 55]","[40, 41, 42, 53, 54, 55, 84, 92]","[6.0, 6.0, 6.0, 6.0, 6.0, 6.0, 4.0, 3.0]","[4.0, 4.0, 6.0, 6.0, 6.0, 7.0, 6.0, 3.0]"
126,4.0,demote_assigned,4.0,12.0,16.0,10.0,6.0,"[40, 41]","[40, 42, 84]","[40, 41, 42, 53, 54, 55, 84, 92]","[6.0, 6.0, 6.0, 6.0, 6.0, 6.0, 4.0, 3.0]","[3.0, 3.0, 6.0, 6.0, 6.0, 6.0, 4.0, 3.0]"
126,4.0,promote_single_55,6.0,12.0,18.0,10.0,4.0,"[40, 41]","[40, 42, 55]","[40, 41, 42, 53, 54, 55, 84, 92]","[6.0, 6.0, 6.0, 6.0, 6.0, 6.0, 4.0, 3.0]","[5.0, 5.0, 5.0, 5.0, 5.0, 7.0, 3.0, 2.0]"
126,4.0,promote_single_84,4.0,12.0,16.0,10.0,6.0,"[40, 41]","[40, 42, 84]","[40, 41, 42, 53, 54, 55, 84, 92]","[6.0, 6.0, 6.0, 6.0, 6.0, 6.0, 4.0, 3.0]","[5.0, 5.0, 5.0, 5.0, 5.0, 5.0, 7.0, 2.0]"
158,3.0,boost_missed,9.0,15.0,24.0,10.0,1.0,"[34, 36, 59]","[39, 40, 43, 61]","[14, 34, 36, 37, 38, 39, 40, 41, 43, 45, 47, 48, 50, 59, 60, 61, 62, 70, 95]","[7.0, 6.0, 6.0, 6.0, 6.0, 6.0, 6.0, 6.0, 6.0, 4.0, 2.0, 2.0, 6.0, 3.0, 5.0, 6.0, 3.0, 6.0, 6.0]","[7.0, 4.0, 4.0, 6.0, 6.0, 6.0, 6.0, 6.0, 7.0, 4.0, 2.0, 2.0, 6.0, 1.0, 5.0, 7.0, 3.0, 7.0, 6.0]"
158,3.0,promote_single_43,3.0,15.0,18.0,10.0,7.0,"[34, 36, 59]","[34, 39, 43]","[14, 34, 36, 37, 38, 39, 40, 41, 43, 45, 47, 48, 50, 59, 60, 61, 62, 70, 95]","[7.0, 6.0, 6.0, 6.0, 6.0, 6.0, 6.0, 6.0, 6.0, 4.0, 2.0, 2.0, 6.0, 3.0, 5.0, 6.0, 3.0, 6.0, 6.0]","[6.0, 5.0, 5.0, 5.0, 5.0, 5.0, 5.0, 5.0, 7.0, 3.0, 1.0, 1.0, 5.0, 2.0, 4.0, 5.0, 2.0, 5.0, 5.0]"
158,3.0,promote_single_61,3.0,15.0,18.0,10.0,7.0,"[34, 36, 59]","[34, 39, 61]","[14, 34, 36, 37, 38, 39, 40, 41, 43, 45, 47, 48, 50, 59, 60, 61, 62, 70, 95]","[7.0, 6.0, 6.0, 6.0, 6.0, 6.0, 6.0, 6.0, 6.0, 4.0, 2.0, 2.0, 6.0, 3.0, 5.0, 6.0, 3.0, 6.0, 6.0]","[6.0, 5.0, 5.0, 5.0, 5.0, 5.0, 5.0, 5.0, 5.0, 3.0, 1.0, 1.0, 5.0, 2.0, 4.0, 7.0, 2.0, 5.0, 5.0]"
158,3.0,promote_single_70,3.0,15.0,18.0,10.0,7.0,"[34, 36, 59]","[34, 39, 70]","[14, 34, 36, 37, 38, 39, 40, 41, 43, 45, 47, 48, 50, 59, 60, 61, 62, 70, 95]","[7.0, 6.0, 6.0, 6.0, 6.0, 6.0, 6.0, 6.0, 6.0, 4.0, 2.0, 2.0, 6.0, 3.0, 5.0, 6.0, 3.0, 6.0, 6.0]","[6.0, 5.0, 5.0, 5.0, 5.0, 5.0, 5.0, 5.0, 5.0, 3.0, 1.0, 1.0, 5.0, 2.0, 4.0, 5.0, 2.0, 7.0, 5.0]"
202,2.0,promote_single_41,3.0,24.0,27.0,10.0,7.0,"[27, 29, 33, 51]","[27, 33, 35, 41]","[12, 13, 14, 15, 16, 17, 18, 19, 20, 21, 22, 23, 24, 25, 27, 28, 29, 32, 33, 34, 35, 36, 37, 38, 39, 40, 41, 42, 43, 44, 45, 46, 47, 48, 49, 50, 51, 52, 53, 54, 55, 56, 57, 58, 60, 91, 92, 93, 94, 95]","[1.0, 3.0, 1.0, 1.0, 1.0, 1.0, 1.0, 1.0, 1.0, 1.0, 1.0, 1.0, 1.0, 1.0, 7.0, 7.0, 7.0, 7.0, 7.0, 7.0, 7.0, 6.0, 6.0, 6.0, 6.0, 2.0, 6.0, 6.0, 2.0, 3.0, 1.0, 1.0, 2.0, 1.0, 3.0, 5.0, 3.0, 1.0, 2.0, 2.0, 2.0, 2.0, 2.0, 4.0, 3.0, 1.0, 1.0, 1.0, 2.0, 1.0]","[0.0, 2.0, 0.0, 0.0, 0.0, 0.0, 0.0, 0.0, 0.0, 0.0, 0.0, 0.0, 0.0, 0.0, 6.0, 6.0, 6.0, 6.0, 6.0, 6.0, 6.0, 5.0, 5.0, 5.0, 5.0, 1.0, 7.0, 5.0, 1.0, 2.0, 0.0, 0.0, 1.0, 0.0, 2.0, 4.0, 2.0, 0.0, 1.0, 1.0, 1.0, 1.0, 1.0, 3.0, 2.0, 0.0, 0.0, 0.0, 1.0, 0.0]"
154,3.0,boost_missed,2.0,22.0,24.0,10.0,8.0,"[20, 34, 38, 94]","[22, 35, 39, 47]","[14, 15, 16, 17, 18, 19, 20, 21, 22, 23, 24, 25, 34, 35, 36, 37, 38, 39, 43, 44, 45, 46, 47, 51, 52, 53, 54, 55, 56, 58, 59, 60, 64, 65, 67, 93, 94, 95]","[7.0, 7.0, 7.0, 7.0, 7.0, 7.0, 7.0, 7.0, 7.0, 7.0, 7.0, 7.0, 7.0, 7.0, 7.0, 7.0, 7.0, 7.0, 1.0, 6.0, 1.0, 1.0, 3.0, 2.0, 1.0, 2.0, 2.0, 1.0, 2.0, 2.0, 5.0, 1.0, 4.0, 1.0, 3.0, 1.0, 1.0, 1.0]","[7.0, 7.0, 7.0, 7.0, 7.0, 7.0, 5.0, 7.0, 7.0, 7.0, 7.0, 7.0, 5.0, 7.0, 7.0, 7.0, 5.0, 7.0, 1.0, 7.0, 1.0, 1.0, 3.0, 2.0, 1.0, 2.0, 2.0, 1.0, 2.0, 2.0, 7.0, 1.0, 4.0, 1.0, 3.0, 1.0, 0.0, 1.0]"
154,3.0,demote_assigned,2.0,22.0,24.0,10.0,8.0,"[20, 34, 38, 94]","[22, 35, 39, 47]","[14, 15, 16, 17, 18, 19, 20, 21, 22, 23, 24, 25, 34, 35, 36, 37, 38, 39, 43, 44, 45, 46, 47, 51, 52, 53, 54, 55, 56, 58, 59, 60, 64, 65, 67, 93, 94, 95]","[7.0, 7.0, 7.0, 7.0, 7.0, 7.0, 7.0, 7.0, 7.0, 7.0, 7.0, 7.0, 7.0, 7.0, 7.0, 7.0, 7.0, 7.0, 1.0, 6.0, 1.0, 1.0, 3.0, 2.0, 1.0, 2.0, 2.0, 1.0, 2.0, 2.0, 5.0, 1.0, 4.0, 1.0, 3.0, 1.0, 1.0, 1.0]","[7.0, 7.0, 7.0, 7.0, 7.0, 7.0, 4.0, 7.0, 7.0, 7.0, 7.0, 7.0, 4.0, 7.0, 7.0, 7.0, 4.0, 7.0, 1.0, 6.0, 1.0, 1.0, 3.0, 2.0, 1.0, 2.0, 2.0, 1.0, 2.0, 2.0, 5.0, 1.0, 4.0, 1.0, 3.0, 1.0, 0.0, 1.0]"
41,5.0,boost_missed,2.0,17.0,19.0,9.0,7.0,"[83, 85, 87]","[70, 83, 86]","[62, 64, 66, 67, 68, 69, 70, 71, 73, 74, 77, 78, 80, 81, 82, 83, 84, 85, 86, 87, 88]","[3.0, 5.0, 1.0, 1.0, 2.0, 1.0, 5.0, 4.0, 1.0, 3.0, 1.0, 1.0, 1.0, 3.0, 1.0, 7.0, 3.0, 7.0, 7.0, 3.0, 3.0]","[3.0, 5.0, 1.0, 1.0, 2.0, 1.0, 7.0, 4.0, 1.0, 3.0, 1.0, 1.0, 1.0, 3.0, 1.0, 5.0, 3.0, 5.0, 7.0, 1.0, 3.0]"
41,5.0,demote_assigned,4.0,17.0,21.0,9.0,5.0,"[83, 85, 87]","[83, 85, 86]","[62, 64, 66, 67, 68, 69, 70, 71, 73, 74, 77, 78, 80, 81, 82, 83, 84, 85, 86, 87, 88]","[3.0, 5.0, 1.0, 1.0, 2.0, 1.0, 5.0, 4.0, 1.0, 3.0, 1.0, 1.0, 1.0, 3.0, 1.0, 7.0, 3.0, 7.0, 7.0, 3.0, 3.0]","[3.0, 5.0, 1.0, 1.0, 2.0, 1.0, 5.0, 4.0, 1.0, 3.0, 1.0, 1.0, 1.0, 3.0, 1.0, 4.0, 3.0, 4.0, 7.0, 0.0, 3.0]"
41,5.0,promote_single_70,2.0,17.0,19.0,9.0,7.0,"[83, 85, 87]","[70, 83, 85]","[62, 64, 66, 67, 68, 69, 70, 71, 73, 74, 77, 78, 80, 81, 82, 83, 84, 85, 86, 87, 88]","[3.0, 5.0, 1.0, 1.0, 2.0, 1.0, 5.0, 4.0, 1.0, 3.0, 1.0, 1.0, 1.0, 3.0, 1.0, 7.0, 3.0, 7.0, 7.0, 3.0, 3.0]","[2.0, 4.0, 0.0, 0.0, 1.0, 0.0, 7.0, 3.0, 0.0, 2.0, 0.0, 0.0, 0.0, 2.0, 0.0, 6.0, 2.0, 6.0, 6.0, 2.0, 2.0]"
41,5.0,promote_single_86,4.0,17.0,21.0,9.0,5.0,"[83, 85, 87]","[83, 85, 86]","[62, 64, 66, 67, 68, 69, 70, 71, 73, 74, 77, 78, 80, 81, 82, 83, 84, 85, 86, 87, 88]","[3.0, 5.0, 1.0, 1.0, 2.0, 1.0, 5.0, 4.0, 1.0, 3.0, 1.0, 1.0, 1.0, 3.0, 1.0, 7.0, 3.0, 7.0, 7.0, 3.0, 3.0]","[2.0, 4.0, 0.0, 0.0, 1.0, 0.0, 4.0, 3.0, 0.0, 2.0, 0.0, 0.0, 0.0, 2.0, 0.0, 6.0, 2.0, 6.0, 7.0, 2.0, 2.0]"
144,3.0,boost_missed,1.0,10.0,11.0,9.0,8.0,"[45, 50, 51, 59]","[46, 59, 67, 94]","[14, 15, 16, 17, 18, 19, 20, 21, 22, 23, 24, 25, 44, 45, 46, 47, 48, 50, 51, 57, 58, 59, 60, 61, 62, 63, 64, 65, 66, 67, 94]","[1.0, 1.0, 1.0, 1.0, 1.0, 1.0, 1.0, 1.0, 1.0, 1.0, 1.0, 1.0, 1.0, 2.0, 2.0, 2.0, 1.0, 1.0, 1.0, 1.0, 1.0, 6.0, 1.0, 1.0, 6.0, 6.0, 1.0, 1.0, 2.0, 2.0, 1.0]","[1.0, 1.0, 1.0, 1.0, 1.0, 1.0, 1.0, 1.0, 1.0, 1.0, 1.0, 1.0, 1.0, 0.0, 2.0, 2.0, 1.0, 0.0, 0.0, 1.0, 1.0, 4.0, 1.0, 1.0, 7.0, 6.0, 1.0, 1.0, 4.0, 4.0, 3.0]"
165,3.0,demote_assigned,2.0,23.0,25.0,8.0,6.0,"[8, 20, 37, 42]","[8, 22, 38, 49, 50]","[7, 8, 10, 11, 12, 13, 14, 15, 16, 17, 18, 19, 20, 21, 22, 23, 24, 25, 34, 35, 36, 37, 38, 39, 41, 42, 43, 44, 45, 46, 47, 48, 49, 50, 51, 52, 53, 54, 55, 58, 59, 60, 61, 62, 63, 64, 65, 66, 67, 68, 69, 70, 92, 94, 95]","[4.0, 4.0, 3.0, 2.0, 2.0, 3.0, 7.0, 7.0, 7.0, 7.0, 7.0, 7.0, 7.0, 7.0, 7.0, 7.0, 7.0, 7.0, 1.0, 1.0, 6.0, 6.0, 6.0, 6.0, 6.0, 6.0, 6.0, 3.0, 3.0, 3.0, 4.0, 2.0, 2.0, 6.0, 2.0, 6.0, 6.0, 6.0, 6.0, 5.0, 5.0, 4.0, 5.0, 2.0, 2.0, 5.0, 2.0, 4.0, 4.0, 3.0, 3.0, 2.0, 1.0, 1.0, 1.0]","[4.0, 1.0, 3.0, 2.0, 2.0, 3.0, 7.0, 7.0, 7.0, 7.0, 7.0, 7.0, 4.0, 7.0, 7.0, 7.0, 7.0, 7.0, 1.0, 1.0, 6.0, 3.0, 6.0, 6.0, 6.0, 3.0, 6.0, 3.0, 3.0, 3.0, 4.0, 2.0, 2.0, 6.0, 2.0, 6.0, 6.0, 6.0, 6.0, 5.0, 5.0, 4.0, 5.0, 2.0, 2.0, 5.0, 2.0, 4.0, 4.0, 3.0, 3.0, 2.0, 1.0, 1.0, 1.0]"
32,5.0,promote_single_66,2.0,13.0,15.0,8.0,6.0,"[62, 68, 84]","[66, 83, 84]","[62, 63, 64, 65, 66, 67, 68, 69, 70, 71, 72, 73, 74, 76, 77, 78, 79, 80, 81, 82, 83, 84, 85, 86, 87]","[6.0, 3.0, 2.0, 1.0, 6.0, 1.0, 3.0, 1.0, 5.0, 1.0, 2.0, 2.0, 1.0, 1.0, 2.0, 2.0, 1.0, 1.0, 3.0, 1.0, 5.0, 4.0, 2.0, 3.0, 2.0]","[5.0, 2.0, 1.0, 0.0, 7.0, 0.0, 2.0, 0.0, 4.0, 0.0, 1.0, 1.0, 0.0, 0.0, 1.0, 1.0, 0.0, 0.0, 2.0, 0.0, 4.0, 3.0, 1.0, 2.0, 1.0]"
32,5.0,promote_single_70,1.0,13.0,14.0,8.0,7.0,"[62, 68, 84]","[70, 83, 84]","[62, 63, 64, 65, 66, 67, 68, 69, 70, 71, 72, 73, 74, 76, 77, 78, 79, 80, 81, 82, 83, 84, 85, 86, 87]","[6.0, 3.0, 2.0, 1.0, 6.0, 1.0, 3.0, 1.0, 5.0, 1.0, 2.0, 2.0, 1.0, 1.0, 2.0, 2.0, 1.0, 1.0, 3.0, 1.0, 5.0, 4.0, 2.0, 3.0, 2.0]","[5.0, 2.0, 1.0, 0.0, 5.0, 0.0, 2.0, 0.0, 7.0, 0.0, 1.0, 1.0, 0.0, 0.0, 1.0, 1.0, 0.0, 0.0, 2.0, 0.0, 4.0, 3.0, 1.0, 2.0, 1.0]"
84,4.0,boost_missed,1.0,21.0,22.0,7.0,6.0,"[40, 59, 68]","[48, 49, 50, 59]","[9, 40, 43, 44, 48, 49, 50, 52, 59, 60, 64, 65, 68, 71, 74, 80, 84, 86, 87]","[4.0, 7.0, 4.0, 3.0, 6.0, 2.0, 7.0, 7.0, 7.0, 1.0, 2.0, 4.0, 7.0, 2.0, 2.0, 3.0, 4.0, 3.0, 4.0]","[4.0, 5.0, 4.0, 3.0, 6.0, 2.0, 7.0, 7.0, 5.0, 1.0, 2.0, 4.0, 5.0, 2.0, 2.0, 3.0, 4.0, 3.0, 4.0]"
84,4.0,demote_assigned,3.0,21.0,24.0,7.0,4.0,"[40, 59, 68]","[43, 48, 50, 59]","[9, 40, 43, 44, 48, 49, 50, 52, 59, 60, 64, 65, 68, 71, 74, 80, 84, 86, 87]","[4.0, 7.0, 4.0, 3.0, 6.0, 2.0, 7.0, 7.0, 7.0, 1.0, 2.0, 4.0, 7.0, 2.0, 2.0, 3.0, 4.0, 3.0, 4.0]","[4.0, 4.0, 4.0, 3.0, 6.0, 2.0, 7.0, 7.0, 4.0, 1.0, 2.0, 4.0, 4.0, 2.0, 2.0, 3.0, 4.0, 3.0, 4.0]"
84,4.0,promote_single_52,2.0,21.0,23.0,7.0,5.0,"[40, 59, 68]","[40, 49, 52, 59]","[9, 40, 43, 44, 48, 49, 50, 52, 59, 60, 64, 65, 68, 71, 74, 80, 84, 86, 87]","[4.0, 7.0, 4.0, 3.0, 6.0, 2.0, 7.0, 7.0, 7.0, 1.0, 2.0, 4.0, 7.0, 2.0, 2.0, 3.0, 4.0, 3.0, 4.0]","[3.0, 6.0, 3.0, 2.0, 5.0, 1.0, 6.0, 7.0, 6.0, 0.0, 1.0, 3.0, 6.0, 1.0, 1.0, 2.0, 3.0, 2.0, 3.0]"
98,4.0,boost_missed,7.0,28.0,35.0,7.0,0.0,"[10, 23, 27, 31]","[11, 24, 29, 31, 33]","[9, 10, 11, 13, 14, 15, 16, 17, 18, 19, 20, 21, 22, 23, 24, 25, 27, 28, 29, 30, 31, 32, 33, 34, 35, 36, 37, 38, 39, 40, 41, 42, 43, 45, 46, 49, 50, 51, 52, 53, 54, 55, 56, 57, 58, 59, 60, 62, 63, 64, 66, 67, 68, 70, 72, 73, 74, 76]","[3.0, 7.0, 7.0, 1.0, 2.0, 2.0, 7.0, 7.0, 7.0, 7.0, 7.0, 7.0, 7.0, 7.0, 7.0, 7.0, 7.0, 7.0, 7.0, 7.0, 7.0, 7.0, 7.0, 7.0, 7.0, 3.0, 3.0, 3.0, 3.0, 3.0, 4.0, 4.0, 1.0, 2.0, 2.0, 1.0, 2.0, 2.0, 5.0, 6.0, 6.0, 6.0, 6.0, 3.0, 3.0, 2.0, 1.0, 4.0, 1.0, 4.0, 2.0, 3.0, 1.0, 1.0, 2.0, 5.0, 2.0, 2.0]","[3.0, 5.0, 7.0, 1.0, 2.0, 2.0, 7.0, 7.0, 7.0, 7.0, 7.0, 7.0, 7.0, 5.0, 7.0, 7.0, 5.0, 7.0, 7.0, 7.0, 5.0, 7.0, 7.0, 7.0, 7.0, 3.0, 3.0, 3.0, 3.0, 3.0, 4.0, 4.0, 1.0, 2.0, 2.0, 1.0, 2.0, 2.0, 5.0, 6.0, 6.0, 6.0, 6.0, 3.0, 3.0, 2.0, 1.0, 4.0, 1.0, 4.0, 2.0, 3.0, 1.0, 1.0, 2.0, 5.0, 2.0, 2.0]"
98,4.0,demote_assigned,7.0,28.0,35.0,7.0,0.0,"[10, 23, 27, 31]","[11, 24, 29, 31, 33]","[9, 10, 11, 13, 14, 15, 16, 17, 18, 19, 20, 21, 22, 23, 24, 25, 27, 28, 29, 30, 31, 32, 33, 34, 35, 36, 37, 38, 39, 40, 41, 42, 43, 45, 46, 49, 50, 51, 52, 53, 54, 55, 56, 57, 58, 59, 60, 62, 63, 64, 66, 67, 68, 70, 72, 73, 74, 76]","[3.0, 7.0, 7.0, 1.0, 2.0, 2.0, 7.0, 7.0, 7.0, 7.0, 7.0, 7.0, 7.0, 7.0, 7.0, 7.0, 7.0, 7.0, 7.0, 7.0, 7.0, 7.0, 7.0, 7.0, 7.0, 3.0, 3.0, 3.0, 3.0, 3.0, 4.0, 4.0, 1.0, 2.0, 2.0, 1.0, 2.0, 2.0, 5.0, 6.0, 6.0, 6.0, 6.0, 3.0, 3.0, 2.0, 1.0, 4.0, 1.0, 4.0, 2.0, 3.0, 1.0, 1.0, 2.0, 5.0, 2.0, 2.0]","[3.0, 4.0, 7.0, 1.0, 2.0, 2.0, 7.0, 7.0, 7.0, 7.0, 7.0, 7.0, 7.0, 4.0, 7.0, 7.0, 4.0, 7.0, 7.0, 7.0, 4.0, 7.0, 7.0, 7.0, 7.0, 3.0, 3.0, 3.0, 3.0, 3.0, 4.0, 4.0, 1.0, 2.0, 2.0, 1.0, 2.0, 2.0, 5.0, 6.0, 6.0, 6.0, 6.0, 3.0, 3.0, 2.0, 1.0, 4.0, 1.0, 4.0, 2.0, 3.0, 1.0, 1.0, 2.0, 5.0, 2.0, 2.0]"
162,3.0,boost_missed,1.0,15.0,16.0,7.0,6.0,"[34, 42, 49, 59]","[35, 50, 65]","[12, 13, 34, 35, 36, 37, 38, 39, 40, 41, 42, 44, 45, 46, 47, 48, 49, 50, 51, 52, 53, 54, 55, 56, 57, 58, 59, 60, 61, 62, 63, 64, 65, 66, 67, 69, 70, 92, 94, 95]","[1.0, 1.0, 7.0, 7.0, 6.0, 5.0, 5.0, 5.0, 1.0, 4.0, 4.0, 1.0, 1.0, 1.0, 1.0, 1.0, 1.0, 6.0, 1.0, 1.0, 1.0, 1.0, 1.0, 1.0, 1.0, 1.0, 3.0, 3.0, 2.0, 2.0, 1.0, 3.0, 3.0, 1.0, 1.0, 1.0, 1.0, 1.0, 1.0, 1.0]","[1.0, 1.0, 5.0, 7.0, 7.0, 5.0, 5.0, 5.0, 1.0, 4.0, 2.0, 1.0, 1.0, 1.0, 1.0, 1.0, 0.0, 7.0, 1.0, 1.0, 1.0, 1.0, 1.0, 1.0, 1.0, 1.0, 1.0, 3.0, 2.0, 2.0, 1.0, 5.0, 3.0, 1.0, 1.0, 1.0, 1.0, 1.0, 1.0, 1.0]"
162,3.0,demote_assigned,1.0,15.0,16.0,7.0,6.0,"[34, 42, 49, 59]","[35, 50, 65]","[12, 13, 34, 35, 36, 37, 38, 39, 40, 41, 42, 44, 45, 46, 47, 48, 49, 50, 51, 52, 53, 54, 55, 56, 57, 58, 59, 60, 61, 62, 63, 64, 65, 66, 67, 69, 70, 92, 94, 95]","[1.0, 1.0, 7.0, 7.0, 6.0, 5.0, 5.0, 5.0, 1.0, 4.0, 4.0, 1.0, 1.0, 1.0, 1.0, 1.0, 1.0, 6.0, 1.0, 1.0, 1.0, 1.0, 1.0, 1.0, 1.0, 1.0, 3.0, 3.0, 2.0, 2.0, 1.0, 3.0, 3.0, 1.0, 1.0, 1.0, 1.0, 1.0, 1.0, 1.0]","[1.0, 1.0, 4.0, 7.0, 6.0, 5.0, 5.0, 5.0, 1.0, 4.0, 1.0, 1.0, 1.0, 1.0, 1.0, 1.0, 0.0, 6.0, 1.0, 1.0, 1.0, 1.0, 1.0, 1.0, 1.0, 1.0, 0.0, 3.0, 2.0, 2.0, 1.0, 3.0, 3.0, 1.0, 1.0, 1.0, 1.0, 1.0, 1.0, 1.0]"
162,3.0,promote_single_35,2.0,15.0,17.0,7.0,5.0,"[34, 42, 49, 59]","[35, 42, 50]","[12, 13, 34, 35, 36, 37, 38, 39, 40, 41, 42, 44, 45, 46, 47, 48, 49, 50, 51, 52, 53, 54, 55, 56, 57, 58, 59, 60, 61, 62, 63, 64, 65, 66, 67, 69, 70, 92, 94, 95]","[1.0, 1.0, 7.0, 7.0, 6.0, 5.0, 5.0, 5.0, 1.0, 4.0, 4.0, 1.0, 1.0, 1.0, 1.0, 1.0, 1.0, 6.0, 1.0, 1.0, 1.0, 1.0, 1.0, 1.0, 1.0, 1.0, 3.0, 3.0, 2.0, 2.0, 1.0, 3.0, 3.0, 1.0, 1.0, 1.0, 1.0, 1.0, 1.0, 1.0]","[0.0, 0.0, 6.0, 7.0, 5.0, 4.0, 4.0, 4.0, 0.0, 3.0, 3.0, 0.0, 0.0, 0.0, 0.0, 0.0, 0.0, 5.0, 0.0, 0.0, 0.0, 0.0, 0.0, 0.0, 0.0, 0.0, 2.0, 2.0, 1.0, 1.0, 0.0, 2.0, 2.0, 0.0, 0.0, 0.0, 0.0, 0.0, 0.0, 0.0]"
162,3.0,promote_single_36,1.0,15.0,16.0,7.0,6.0,"[34, 42, 49, 59]","[34, 36, 59]","[12, 13, 34, 35, 36, 37, 38, 39, 40, 41, 42, 44, 45, 46, 47, 48, 49, 50, 51, 52, 53, 54, 55, 56, 57, 58, 59, 60, 61, 62, 63, 64, 65, 66, 67, 69, 70, 92, 94, 95]","[1.0, 1.0, 7.0, 7.0, 6.0, 5.0, 5.0, 5.0, 1.0, 4.0, 4.0, 1.0, 1.0, 1.0, 1.0, 1.0, 1.0, 6.0, 1.0, 1.0, 1.0, 1.0, 1.0, 1.0, 1.0, 1.0, 3.0, 3.0, 2.0, 2.0, 1.0, 3.0, 3.0, 1.0, 1.0, 1.0, 1.0, 1.0, 1.0, 1.0]","[0.0, 0.0, 6.0, 6.0, 7.0, 4.0, 4.0, 4.0, 0.0, 3.0, 3.0, 0.0, 0.0, 0.0, 0.0, 0.0, 0.0, 5.0, 0.0, 0.0, 0.0, 0.0, 0.0, 0.0, 0.0, 0.0, 2.0, 2.0, 1.0, 1.0, 0.0, 2.0, 2.0, 0.0, 0.0, 0.0, 0.0, 0.0, 0.0, 0.0]"
162,3.0,promote_single_50,2.0,15.0,17.0,7.0,5.0,"[34, 42, 49, 59]","[35, 42, 50]","[12, 13, 34, 35, 36, 37, 38, 39, 40, 41, 42, 44, 45, 46, 47, 48, 49, 50, 51, 52, 53, 54, 55, 56, 57, 58, 59, 60, 61, 62, 63, 64, 65, 66, 67, 69, 70, 92, 94, 95]","[1.0, 1.0, 7.0, 7.0, 6.0, 5.0, 5.0, 5.0, 1.0, 4.0, 4.0, 1.0, 1.0, 1.0, 1.0, 1.0, 1.0, 6.0, 1.0, 1.0, 1.0, 1.0, 1.0, 1.0, 1.0, 1.0, 3.0, 3.0, 2.0, 2.0, 1.0, 3.0, 3.0, 1.0, 1.0, 1.0, 1.0, 1.0, 1.0, 1.0]","[0.0, 0.0, 6.0, 6.0, 5.0, 4.0, 4.0, 4.0, 0.0, 3.0, 3.0, 0.0, 0.0, 0.0, 0.0, 0.0, 0.0, 7.0, 0.0, 0.0, 0.0, 0.0, 0.0, 0.0, 0.0, 0.0, 2.0, 2.0, 1.0, 1.0, 0.0, 2.0, 2.0, 0.0, 0.0, 0.0, 0.0, 0.0, 0.0, 0.0]"
76,4.0,promote_single_61,1.0,18.0,19.0,7.0,6.0,"[40, 42, 52, 58]","[40, 52, 58, 61]","[13, 40, 41, 42, 43, 44, 45, 46, 48, 52, 53, 54, 55, 56, 57, 58, 59, 60, 61, 62, 63, 64, 65, 66, 67, 68, 69, 70, 71, 73, 76, 81, 94, 95]","[3.0, 4.0, 4.0, 4.0, 1.0, 2.0, 4.0, 4.0, 3.0, 5.0, 3.0, 3.0, 3.0, 3.0, 4.0, 5.0, 3.0, 3.0, 5.0, 4.0, 5.0, 5.0, 3.0, 4.0, 3.0, 1.0, 3.0, 2.0, 2.0, 5.0, 2.0, 3.0, 4.0, 4.0]","[2.0, 3.0, 3.0, 3.0, 0.0, 1.0, 3.0, 3.0, 2.0, 4.0, 2.0, 2.0, 2.0, 2.0, 3.0, 4.0, 2.0, 2.0, 7.0, 3.0, 4.0, 4.0, 2.0, 3.0, 2.0, 0.0, 2.0, 1.0, 1.0, 4.0, 1.0, 2.0, 3.0, 3.0]"
76,4.0,promote_single_64,1.0,18.0,19.0,7.0,6.0,"[40, 42, 52, 58]","[40, 52, 58, 64]","[13, 40, 41, 42, 43, 44, 45, 46, 48, 52, 53, 54, 55, 56, 57, 58, 59, 60, 61, 62, 63, 64, 65, 66, 67, 68, 69, 70, 71, 73, 76, 81, 94, 95]","[3.0, 4.0, 4.0, 4.0, 1.0, 2.0, 4.0, 4.0, 3.0, 5.0, 3.0, 3.0, 3.0, 3.0, 4.0, 5.0, 3.0, 3.0, 5.0, 4.0, 5.0, 5.0, 3.0, 4.0, 3.0, 1.0, 3.0, 2.0, 2.0, 5.0, 2.0, 3.0, 4.0, 4.0]","[2.0, 3.0, 3.0, 3.0, 0.0, 1.0, 3.0, 3.0, 2.0, 4.0, 2.0, 2.0, 2.0, 2.0, 3.0, 4.0, 2.0, 2.0, 4.0, 3.0, 4.0, 7.0, 2.0, 3.0, 2.0, 0.0, 2.0, 1.0, 1.0, 4.0, 1.0, 2.0, 3.0, 3.0]"
76,4.0,promote_single_73,1.0,18.0,19.0,7.0,6.0,"[40, 42, 52, 58]","[40, 52, 58, 73]","[13, 40, 41, 42, 43, 44, 45, 46, 48, 52, 53, 54, 55, 56, 57, 58, 59, 60, 61, 62, 63, 64, 65, 66, 67, 68, 69, 70, 71, 73, 76, 81, 94, 95]","[3.0, 4.0, 4.0, 4.0, 1.0, 2.0, 4.0, 4.0, 3.0, 5.0, 3.0, 3.0, 3.0, 3.0, 4.0, 5.0, 3.0, 3.0, 5.0, 4.0, 5.0, 5.0, 3.0, 4.0, 3.0, 1.0, 3.0, 2.0, 2.0, 5.0, 2.0, 3.0, 4.0, 4.0]","[2.0, 3.0, 3.0, 3.0, 0.0, 1.0, 3.0, 3.0, 2.0, 4.0, 2.0, 2.0, 2.0, 2.0, 3.0, 4.0, 2.0, 2.0, 4.0, 3.0, 4.0, 4.0, 2.0, 3.0, 2.0, 0.0, 2.0, 1.0, 1.0, 7.0, 1.0, 2.0, 3.0, 3.0]"
221,1.0,boost_missed,5.0,28.0,33.0,7.0,2.0,"[0, 7, 26, 89]","[2, 8, 27, 30, 91]","[0, 1, 2, 3, 4, 6, 7, 8, 10, 11, 12, 13, 26, 27, 28, 29, 30, 31, 89, 90, 91, 92, 94]","[7.0, 6.0, 6.0, 6.0, 6.0, 5.0, 7.0, 6.0, 7.0, 6.0, 5.0, 3.0, 7.0, 7.0, 7.0, 6.0, 7.0, 7.0, 7.0, 6.0, 7.0, 7.0, 6.0]","[5.0, 6.0, 6.0, 6.0, 6.0, 5.0, 5.0, 6.0, 7.0, 6.0, 5.0, 3.0, 5.0, 7.0, 7.0, 6.0, 7.0, 7.0, 5.0, 6.0, 7.0, 7.0, 6.0]"
221,1.0,demote_assigned,5.0,28.0,33.0,7.0,2.0,"[0, 7, 26, 89]","[2, 8, 27, 30, 91]","[0, 1, 2, 3, 4, 6, 7, 8, 10, 11, 12, 13, 26, 27, 28, 29, 30, 31, 89, 90, 91, 92, 94]","[7.0, 6.0, 6.0, 6.0, 6.0, 5.0, 7.0, 6.0, 7.0, 6.0, 5.0, 3.0, 7.0, 7.0, 7.0, 6.0, 7.0, 7.0, 7.0, 6.0, 7.0, 7.0, 6.0]","[4.0, 6.0, 6.0, 6.0, 6.0, 5.0, 4.0, 6.0, 7.0, 6.0, 5.0, 3.0, 4.0, 7.0, 7.0, 6.0, 7.0, 7.0, 4.0, 6.0, 7.0, 7.0, 6.0]"
221,1.0,promote_single_27,6.0,28.0,34.0,7.0,1.0,"[0, 7, 26, 89]","[0, 8, 26, 27, 89]","[0, 1, 2, 3, 4, 6, 7, 8, 10, 11, 12, 13, 26, 27, 28, 29, 30, 31, 89, 90, 91, 92, 94]","[7.0, 6.0, 6.0, 6.0, 6.0, 5.0, 7.0, 6.0, 7.0, 6.0, 5.0, 3.0, 7.0, 7.0, 7.0, 6.0, 7.0, 7.0, 7.0, 6.0, 7.0, 7.0, 6.0]","[6.0, 5.0, 5.0, 5.0, 5.0, 4.0, 6.0, 5.0, 6.0, 5.0, 4.0, 2.0, 6.0, 7.0, 6.0, 5.0, 6.0, 6.0, 6.0, 5.0, 6.0, 6.0, 5.0]"
221,1.0,promote_single_31,6.0,28.0,34.0,7.0,1.0,"[0, 7, 26, 89]","[2, 7, 26, 31, 89]","[0, 1, 2, 3, 4, 6, 7, 8, 10, 11, 12, 13, 26, 27, 28, 29, 30, 31, 89, 90, 91, 92, 94]","[7.0, 6.0, 6.0, 6.0, 6.0, 5.0, 7.0, 6.0, 7.0, 6.0, 5.0, 3.0, 7.0, 7.0, 7.0, 6.0, 7.0, 7.0, 7.0, 6.0, 7.0, 7.0, 6.0]","[6.0, 5.0, 5.0, 5.0, 5.0, 4.0, 6.0, 5.0, 6.0, 5.0, 4.0, 2.0, 6.0, 6.0, 6.0, 5.0, 6.0, 7.0, 6.0, 5.0, 6.0, 6.0, 5.0]"
221,1.0,promote_single_91,6.0,28.0,34.0,7.0,1.0,"[0, 7, 26, 89]","[0, 8, 26, 89, 91]","[0, 1, 2, 3, 4, 6, 7, 8, 10, 11, 12, 13, 26, 27, 28, 29, 30, 31, 89, 90, 91, 92, 94]","[7.0, 6.0, 6.0, 6.0, 6.0, 5.0, 7.0, 6.0, 7.0, 6.0, 5.0, 3.0, 7.0, 7.0, 7.0, 6.0, 7.0, 7.0, 7.0, 6.0, 7.0, 7.0, 6.0]","[6.0, 5.0, 5.0, 5.0, 5.0, 4.0, 6.0, 5.0, 6.0, 5.0, 4.0, 2.0, 6.0, 6.0, 6.0, 5.0, 6.0, 6.0, 6.0, 5.0, 7.0, 6.0, 5.0]"
221,1.0,promote_single_92,6.0,28.0,34.0,7.0,1.0,"[0, 7, 26, 89]","[0, 8, 26, 89, 92]","[0, 1, 2, 3, 4, 6, 7, 8, 10, 11, 12, 13, 26, 27, 28, 29, 30, 31, 89, 90, 91, 92, 94]","[7.0, 6.0, 6.0, 6.0, 6.0, 5.0, 7.0, 6.0, 7.0, 6.0, 5.0, 3.0, 7.0, 7.0, 7.0, 6.0, 7.0, 7.0, 7.0, 6.0, 7.0, 7.0, 6.0]","[6.0, 5.0, 5.0, 5.0, 5.0, 4.0, 6.0, 5.0, 6.0, 5.0, 4.0, 2.0, 6.0, 6.0, 6.0, 5.0, 6.0, 6.0, 6.0, 5.0, 6.0, 7.0, 5.0]"
65,5.0,boost_missed,1.0,13.0,14.0,7.0,6.0,"[68, 70, 83]","[66, 83, 84]","[63, 66, 67, 68, 69, 70, 83, 84]","[2.0, 5.0, 2.0, 1.0, 3.0, 6.0, 6.0, 3.0]","[2.0, 7.0, 2.0, 0.0, 3.0, 4.0, 4.0, 5.0]"
69,5.0,boost_missed,1.0,17.0,18.0,6.0,5.0,"[83, 84, 85]","[73, 83, 86]","[62, 63, 64, 65, 66, 67, 69, 70, 71, 72, 73, 74, 76, 77, 78, 79, 80, 81, 82, 83, 84, 85, 86, 87, 88]","[6.0, 4.0, 3.0, 2.0, 5.0, 3.0, 2.0, 5.0, 4.0, 3.0, 6.0, 3.0, 3.0, 4.0, 3.0, 3.0, 3.0, 4.0, 3.0, 7.0, 5.0, 5.0, 5.0, 5.0, 3.0]","[6.0, 4.0, 3.0, 2.0, 5.0, 3.0, 2.0, 5.0, 4.0, 3.0, 7.0, 3.0, 3.0, 4.0, 3.0, 3.0, 3.0, 4.0, 3.0, 5.0, 3.0, 3.0, 7.0, 5.0, 3.0]"
69,5.0,promote_single_73,1.0,17.0,18.0,6.0,5.0,"[83, 84, 85]","[73, 83, 85]","[62, 63, 64, 65, 66, 67, 69, 70, 71, 72, 73, 74, 76, 77, 78, 79, 80, 81, 82, 83, 84, 85, 86, 87, 88]","[6.0, 4.0, 3.0, 2.0, 5.0, 3.0, 2.0, 5.0, 4.0, 3.0, 6.0, 3.0, 3.0, 4.0, 3.0, 3.0, 3.0, 4.0, 3.0, 7.0, 5.0, 5.0, 5.0, 5.0, 3.0]","[5.0, 3.0, 2.0, 1.0, 4.0, 2.0, 1.0, 4.0, 3.0, 2.0, 7.0, 2.0, 2.0, 3.0, 2.0, 2.0, 2.0, 3.0, 2.0, 6.0, 4.0, 4.0, 4.0, 4.0, 2.0]"
40,5.0,boost_missed,4.0,17.0,21.0,6.0,2.0,"[66, 83, 84]","[83, 85, 86, 87]","[63, 64, 65, 66, 69, 71, 72, 73, 74, 76, 77, 78, 79, 80, 81, 82, 83, 84, 85, 86, 87, 88]","[3.0, 4.0, 1.0, 6.0, 3.0, 2.0, 1.0, 1.0, 2.0, 3.0, 2.0, 2.0, 2.0, 1.0, 3.0, 4.0, 5.0, 6.0, 5.0, 6.0, 5.0, 3.0]","[3.0, 4.0, 1.0, 4.0, 3.0, 2.0, 1.0, 1.0, 2.0, 3.0, 2.0, 2.0, 2.0, 1.0, 3.0, 4.0, 3.0, 4.0, 5.0, 7.0, 7.0, 3.0]"
40,5.0,demote_assigned,4.0,17.0,21.0,6.0,2.0,"[66, 83, 84]","[83, 85, 86, 87]","[63, 64, 65, 66, 69, 71, 72, 73, 74, 76, 77, 78, 79, 80, 81, 82, 83, 84, 85, 86, 87, 88]","[3.0, 4.0, 1.0, 6.0, 3.0, 2.0, 1.0, 1.0, 2.0, 3.0, 2.0, 2.0, 2.0, 1.0, 3.0, 4.0, 5.0, 6.0, 5.0, 6.0, 5.0, 3.0]","[3.0, 4.0, 1.0, 3.0, 3.0, 2.0, 1.0, 1.0, 2.0, 3.0, 2.0, 2.0, 2.0, 1.0, 3.0, 4.0, 2.0, 3.0, 5.0, 6.0, 5.0, 3.0]"
34,5.0,boost_missed,4.0,18.0,22.0,6.0,2.0,"[62, 68, 85]","[66, 78, 83, 86]","[62, 63, 65, 66, 67, 68, 69, 70, 71, 72, 73, 74, 76, 77, 78, 79, 80, 81, 82, 83, 84, 85, 86, 87]","[6.0, 2.0, 2.0, 6.0, 4.0, 6.0, 6.0, 6.0, 3.0, 2.0, 5.0, 3.0, 1.0, 3.0, 5.0, 5.0, 5.0, 6.0, 3.0, 5.0, 5.0, 6.0, 6.0, 3.0]","[4.0, 2.0, 2.0, 7.0, 4.0, 4.0, 6.0, 7.0, 3.0, 2.0, 5.0, 3.0, 1.0, 3.0, 5.0, 5.0, 5.0, 6.0, 3.0, 5.0, 5.0, 4.0, 6.0, 3.0]"
34,5.0,demote_assigned,4.0,18.0,22.0,6.0,2.0,"[62, 68, 85]","[66, 78, 83, 86]","[62, 63, 65, 66, 67, 68, 69, 70, 71, 72, 73, 74, 76, 77, 78, 79, 80, 81, 82, 83, 84, 85, 86, 87]","[6.0, 2.0, 2.0, 6.0, 4.0, 6.0, 6.0, 6.0, 3.0, 2.0, 5.0, 3.0, 1.0, 3.0, 5.0, 5.0, 5.0, 6.0, 3.0, 5.0, 5.0, 6.0, 6.0, 3.0]","[3.0, 2.0, 2.0, 6.0, 4.0, 3.0, 6.0, 6.0, 3.0, 2.0, 5.0, 3.0, 1.0, 3.0, 5.0, 5.0, 5.0, 6.0, 3.0, 5.0, 5.0, 3.0, 6.0, 3.0]"
34,5.0,promote_single_66,4.0,18.0,22.0,6.0,2.0,"[62, 68, 85]","[66, 68, 78, 83]","[62, 63, 65, 66, 67, 68, 69, 70, 71, 72, 73, 74, 76, 77, 78, 79, 80, 81, 82, 83, 84, 85, 86, 87]","[6.0, 2.0, 2.0, 6.0, 4.0, 6.0, 6.0, 6.0, 3.0, 2.0, 5.0, 3.0, 1.0, 3.0, 5.0, 5.0, 5.0, 6.0, 3.0, 5.0, 5.0, 6.0, 6.0, 3.0]","[5.0, 1.0, 1.0, 7.0, 3.0, 5.0, 5.0, 5.0, 2.0, 1.0, 4.0, 2.0, 0.0, 2.0, 4.0, 4.0, 4.0, 5.0, 2.0, 4.0, 4.0, 5.0, 5.0, 2.0]"
34,5.0,promote_single_70,5.0,18.0,23.0,6.0,1.0,"[62, 68, 85]","[68, 70, 83, 85]","[62, 63, 65, 66, 67, 68, 69, 70, 71, 72, 73, 74, 76, 77, 78, 79, 80, 81, 82, 83, 84, 85, 86, 87]","[6.0, 2.0, 2.0, 6.0, 4.0, 6.0, 6.0, 6.0, 3.0, 2.0, 5.0, 3.0, 1.0, 3.0, 5.0, 5.0, 5.0, 6.0, 3.0, 5.0, 5.0, 6.0, 6.0, 3.0]","[5.0, 1.0, 1.0, 5.0, 3.0, 5.0, 5.0, 7.0, 2.0, 1.0, 4.0, 2.0, 0.0, 2.0, 4.0, 4.0, 4.0, 5.0, 2.0, 4.0, 4.0, 5.0, 5.0, 2.0]"
33,5.0,promote_single_70,2.0,18.0,20.0,6.0,4.0,"[62, 67, 71]","[67, 70, 71, 83]","[62, 63, 64, 65, 66, 67, 68, 69, 70, 71, 72, 73, 74, 76, 77, 78, 79, 80, 81, 82, 83, 84, 85, 86, 87, 88]","[7.0, 5.0, 2.0, 2.0, 3.0, 5.0, 3.0, 3.0, 6.0, 6.0, 4.0, 4.0, 4.0, 3.0, 3.0, 3.0, 4.0, 3.0, 4.0, 4.0, 3.0, 3.0, 3.0, 3.0, 3.0, 5.0]","[6.0, 4.0, 1.0, 1.0, 2.0, 4.0, 2.0, 2.0, 7.0, 5.0, 3.0, 3.0, 3.0, 2.0, 2.0, 2.0, 3.0, 2.0, 3.0, 3.0, 2.0, 2.0, 2.0, 2.0, 2.0, 4.0]"
33,5.0,promote_single_88,1.0,18.0,19.0,6.0,5.0,"[62, 67, 71]","[67, 71, 83, 88]","[62, 63, 64, 65, 66, 67, 68, 69, 70, 71, 72, 73, 74, 76, 77, 78, 79, 80, 81, 82, 83, 84, 85, 86, 87, 88]","[7.0, 5.0, 2.0, 2.0, 3.0, 5.0, 3.0, 3.0, 6.0, 6.0, 4.0, 4.0, 4.0, 3.0, 3.0, 3.0, 4.0, 3.0, 4.0, 4.0, 3.0, 3.0, 3.0, 3.0, 3.0, 5.0]","[6.0, 4.0, 1.0, 1.0, 2.0, 4.0, 2.0, 2.0, 5.0, 5.0, 3.0, 3.0, 3.0, 2.0, 2.0, 2.0, 3.0, 2.0, 3.0, 3.0, 2.0, 2.0, 2.0, 2.0, 2.0, 7.0]"
27,5.0,boost_missed,4.0,14.0,18.0,6.0,2.0,"[64, 73]","[62, 74, 86]","[62, 63, 64, 69, 73, 74, 86]","[6.0, 3.0, 7.0, 4.0, 7.0, 6.0, 6.0]","[7.0, 3.0, 5.0, 4.0, 5.0, 6.0, 6.0]"
27,5.0,demote_assigned,4.0,14.0,18.0,6.0,2.0,"[64, 73]","[62, 74, 86]","[62, 63, 64, 69, 73, 74, 86]","[6.0, 3.0, 7.0, 4.0, 7.0, 6.0, 6.0]","[6.0, 3.0, 4.0, 4.0, 4.0, 6.0, 6.0]"
20,5.0,boost_missed,4.0,20.0,24.0,6.0,2.0,"[83, 84, 86]","[64, 66, 83, 84]","[62, 64, 66, 67, 73, 74, 76, 81, 83, 84, 86, 87]","[3.0, 5.0, 6.0, 4.0, 5.0, 5.0, 4.0, 6.0, 6.0, 7.0, 7.0, 4.0]","[3.0, 5.0, 7.0, 4.0, 5.0, 5.0, 4.0, 6.0, 4.0, 5.0, 5.0, 4.0]"
20,5.0,demote_assigned,1.0,20.0,21.0,6.0,5.0,"[83, 84, 86]","[64, 66, 76, 83]","[62, 64, 66, 67, 73, 74, 76, 81, 83, 84, 86, 87]","[3.0, 5.0, 6.0, 4.0, 5.0, 5.0, 4.0, 6.0, 6.0, 7.0, 7.0, 4.0]","[3.0, 5.0, 6.0, 4.0, 5.0, 5.0, 4.0, 6.0, 3.0, 4.0, 4.0, 4.0]"
20,5.0,promote_single_66,6.0,20.0,26.0,6.0,0.0,"[83, 84, 86]","[66, 83, 84, 86]","[62, 64, 66, 67, 73, 74, 76, 81, 83, 84, 86, 87]","[3.0, 5.0, 6.0, 4.0, 5.0, 5.0, 4.0, 6.0, 6.0, 7.0, 7.0, 4.0]","[2.0, 4.0, 7.0, 3.0, 4.0, 4.0, 3.0, 5.0, 5.0, 6.0, 6.0, 3.0]"
230,1.0,boost_missed,1.0,27.0,28.0,6.0,5.0,"[2, 8, 26, 28, 94]","[6, 7, 26, 33, 90]","[0, 1, 2, 3, 4, 5, 6, 7, 8, 9, 10, 11, 12, 13, 26, 27, 28, 29, 31, 32, 33, 89, 90, 91, 92, 93, 94]","[6.0, 7.0, 7.0, 5.0, 2.0, 2.0, 6.0, 7.0, 4.0, 3.0, 6.0, 4.0, 6.0, 7.0, 4.0, 5.0, 6.0, 6.0, 4.0, 4.0, 6.0, 4.0, 5.0, 3.0, 5.0, 1.0, 6.0]","[6.0, 7.0, 5.0, 5.0, 2.0, 2.0, 6.0, 7.0, 2.0, 3.0, 6.0, 4.0, 6.0, 7.0, 2.0, 5.0, 4.0, 6.0, 4.0, 4.0, 7.0, 4.0, 5.0, 3.0, 5.0, 1.0, 4.0]"
230,1.0,demote_assigned,1.0,27.0,28.0,6.0,5.0,"[2, 8, 26, 28, 94]","[6, 7, 26, 33, 90]","[0, 1, 2, 3, 4, 5, 6, 7, 8, 9, 10, 11, 12, 13, 26, 27, 28, 29, 31, 32, 33, 89, 90, 91, 92, 93, 94]","[6.0, 7.0, 7.0, 5.0, 2.0, 2.0, 6.0, 7.0, 4.0, 3.0, 6.0, 4.0, 6.0, 7.0, 4.0, 5.0, 6.0, 6.0, 4.0, 4.0, 6.0, 4.0, 5.0, 3.0, 5.0, 1.0, 6.0]","[6.0, 7.0, 4.0, 5.0, 2.0, 2.0, 6.0, 7.0, 1.0, 3.0, 6.0, 4.0, 6.0, 7.0, 1.0, 5.0, 3.0, 6.0, 4.0, 4.0, 6.0, 4.0, 5.0, 3.0, 5.0, 1.0, 3.0]"
230,1.0,promote_single_7,2.0,27.0,29.0,6.0,4.0,"[2, 8, 26, 28, 94]","[2, 7, 26, 90, 94]","[0, 1, 2, 3, 4, 5, 6, 7, 8, 9, 10, 11, 12, 13, 26, 27, 28, 29, 31, 32, 33, 89, 90, 91, 92, 93, 94]","[6.0, 7.0, 7.0, 5.0, 2.0, 2.0, 6.0, 7.0, 4.0, 3.0, 6.0, 4.0, 6.0, 7.0, 4.0, 5.0, 6.0, 6.0, 4.0, 4.0, 6.0, 4.0, 5.0, 3.0, 5.0, 1.0, 6.0]","[5.0, 6.0, 6.0, 4.0, 1.0, 1.0, 5.0, 7.0, 3.0, 2.0, 5.0, 3.0, 5.0, 6.0, 3.0, 4.0, 5.0, 5.0, 3.0, 3.0, 5.0, 3.0, 4.0, 2.0, 4.0, 0.0, 5.0]"
172,3.0,boost_missed,3.0,19.0,22.0,6.0,3.0,"[46, 49, 50, 57]","[46, 50, 57, 70]","[12, 14, 46, 49, 50, 52, 55, 56, 57, 58, 69, 70]","[3.0, 7.0, 7.0, 2.0, 7.0, 3.0, 3.0, 2.0, 3.0, 3.0, 2.0, 5.0]","[3.0, 7.0, 5.0, 0.0, 5.0, 5.0, 3.0, 2.0, 1.0, 5.0, 2.0, 7.0]"
172,3.0,promote_single_58,1.0,19.0,20.0,6.0,5.0,"[46, 49, 50, 57]","[46, 50, 57, 58]","[12, 14, 46, 49, 50, 52, 55, 56, 57, 58, 69, 70]","[3.0, 7.0, 7.0, 2.0, 7.0, 3.0, 3.0, 2.0, 3.0, 3.0, 2.0, 5.0]","[2.0, 6.0, 6.0, 1.0, 6.0, 2.0, 2.0, 1.0, 2.0, 7.0, 1.0, 4.0]"
172,3.0,promote_single_70,3.0,19.0,22.0,6.0,3.0,"[46, 49, 50, 57]","[46, 50, 57, 70]","[12, 14, 46, 49, 50, 52, 55, 56, 57, 58, 69, 70]","[3.0, 7.0, 7.0, 2.0, 7.0, 3.0, 3.0, 2.0, 3.0, 3.0, 2.0, 5.0]","[2.0, 6.0, 6.0, 1.0, 6.0, 2.0, 2.0, 1.0, 2.0, 2.0, 1.0, 7.0]"
223,1.0,boost_missed,3.0,9.0,12.0,6.0,3.0,"[11, 29, 31]","[27, 31, 32, 91]","[10, 11, 27, 28, 29, 30, 31, 32, 33, 91, 92, 94]","[3.0, 3.0, 3.0, 3.0, 3.0, 3.0, 3.0, 3.0, 3.0, 3.0, 3.0, 2.0]","[3.0, 1.0, 5.0, 3.0, 1.0, 3.0, 1.0, 5.0, 3.0, 5.0, 5.0, 2.0]"
193,2.0,promote_single_57,2.0,11.0,13.0,6.0,4.0,"[46, 94, 95]","[49, 57, 94, 95]","[9, 12, 13, 14, 15, 16, 17, 18, 19, 20, 21, 22, 23, 24, 25, 36, 37, 38, 39, 44, 45, 46, 48, 49, 50, 52, 53, 54, 55, 56, 57, 58, 60, 92, 93, 94, 95]","[1.0, 2.0, 2.0, 1.0, 1.0, 1.0, 1.0, 1.0, 1.0, 1.0, 1.0, 1.0, 1.0, 1.0, 1.0, 1.0, 2.0, 2.0, 1.0, 1.0, 2.0, 2.0, 1.0, 2.0, 4.0, 1.0, 1.0, 1.0, 1.0, 1.0, 2.0, 2.0, 1.0, 2.0, 2.0, 3.0, 6.0]","[0.0, 1.0, 1.0, 0.0, 0.0, 0.0, 0.0, 0.0, 0.0, 0.0, 0.0, 0.0, 0.0, 0.0, 0.0, 0.0, 1.0, 1.0, 0.0, 0.0, 1.0, 1.0, 0.0, 1.0, 3.0, 0.0, 0.0, 0.0, 0.0, 0.0, 7.0, 1.0, 0.0, 1.0, 1.0, 2.0, 5.0]"
216,1.0,boost_missed,6.0,30.0,36.0,6.0,0.0,"[1, 8, 26, 31, 89]","[2, 8, 26, 27, 89, 92]","[0, 1, 2, 3, 4, 5, 6, 7, 8, 9, 10, 11, 12, 13, 26, 27, 28, 29, 30, 31, 32, 33, 89, 90, 91, 92, 93, 94, 95]","[4.0, 6.0, 6.0, 6.0, 6.0, 6.0, 6.0, 4.0, 6.0, 4.0, 6.0, 6.0, 4.0, 5.0, 6.0, 6.0, 5.0, 5.0, 5.0, 6.0, 6.0, 6.0, 6.0, 6.0, 5.0, 6.0, 4.0, 6.0, 3.0]","[4.0, 4.0, 6.0, 6.0, 6.0, 6.0, 6.0, 4.0, 4.0, 4.0, 7.0, 6.0, 4.0, 5.0, 4.0, 7.0, 5.0, 5.0, 5.0, 4.0, 6.0, 6.0, 4.0, 6.0, 5.0, 7.0, 4.0, 6.0, 3.0]"
216,1.0,demote_assigned,6.0,30.0,36.0,6.0,0.0,"[1, 8, 26, 31, 89]","[2, 8, 26, 27, 89, 94]","[0, 1, 2, 3, 4, 5, 6, 7, 8, 9, 10, 11, 12, 13, 26, 27, 28, 29, 30, 31, 32, 33, 89, 90, 91, 92, 93, 94, 95]","[4.0, 6.0, 6.0, 6.0, 6.0, 6.0, 6.0, 4.0, 6.0, 4.0, 6.0, 6.0, 4.0, 5.0, 6.0, 6.0, 5.0, 5.0, 5.0, 6.0, 6.0, 6.0, 6.0, 6.0, 5.0, 6.0, 4.0, 6.0, 3.0]","[4.0, 3.0, 6.0, 6.0, 6.0, 6.0, 6.0, 4.0, 3.0, 4.0, 6.0, 6.0, 4.0, 5.0, 3.0, 6.0, 5.0, 5.0, 5.0, 3.0, 6.0, 6.0, 3.0, 6.0, 5.0, 6.0, 4.0, 6.0, 3.0]"
226,1.0,boost_missed,2.0,19.0,21.0,6.0,4.0,"[2, 26, 91, 92]","[2, 11, 26, 94]","[2, 11, 13, 26, 91, 92, 94]","[6.0, 6.0, 3.0, 3.0, 4.0, 6.0, 6.0]","[4.0, 7.0, 3.0, 1.0, 2.0, 4.0, 6.0]"
226,1.0,promote_single_11,2.0,19.0,21.0,6.0,4.0,"[2, 26, 91, 92]","[2, 11, 26, 94]","[2, 11, 13, 26, 91, 92, 94]","[6.0, 6.0, 3.0, 3.0, 4.0, 6.0, 6.0]","[5.0, 7.0, 2.0, 2.0, 3.0, 5.0, 5.0]"
86,4.0,promote_single_67,1.0,17.0,18.0,5.0,4.0,"[41, 43, 49, 54]","[40, 41, 56, 67]","[13, 40, 41, 42, 43, 44, 48, 49, 53, 54, 55, 56, 62, 63, 67]","[5.0, 4.0, 6.0, 6.0, 3.0, 5.0, 6.0, 2.0, 6.0, 6.0, 6.0, 6.0, 4.0, 4.0, 2.0]","[4.0, 3.0, 5.0, 5.0, 2.0, 4.0, 5.0, 1.0, 5.0, 5.0, 5.0, 5.0, 3.0, 3.0, 7.0]"
31,5.0,promote_single_70,3.0,19.0,22.0,5.0,2.0,"[62, 74, 84]","[70, 74, 83, 84]","[62, 64, 65, 66, 67, 68, 70, 71, 72, 73, 74, 76, 77, 78, 79, 80, 81, 82, 83, 84, 85, 86, 87, 88]","[7.0, 4.0, 2.0, 5.0, 5.0, 2.0, 5.0, 2.0, 2.0, 3.0, 6.0, 3.0, 2.0, 2.0, 2.0, 4.0, 5.0, 4.0, 5.0, 6.0, 1.0, 4.0, 3.0, 2.0]","[6.0, 3.0, 1.0, 4.0, 4.0, 1.0, 7.0, 1.0, 1.0, 2.0, 5.0, 2.0, 1.0, 1.0, 1.0, 3.0, 4.0, 3.0, 4.0, 5.0, 0.0, 3.0, 2.0, 1.0]"
148,3.0,promote_single_36,2.0,28.0,30.0,5.0,3.0,"[8, 28, 34, 38, 49]","[8, 28, 35, 36, 60]","[7, 8, 9, 10, 11, 12, 13, 14, 15, 16, 17, 18, 19, 20, 21, 22, 23, 24, 25, 26, 27, 28, 29, 30, 31, 32, 33, 34, 35, 36, 37, 38, 39, 40, 41, 42, 43, 44, 45, 46, 47, 48, 49, 50, 51, 52, 53, 54, 55, 56, 57, 58, 59, 60, 61, 62, 63, 64, 65, 66, 67, 68, 69, 70, 89, 90, 91, 92, 93, 94, 95]","[3.0, 3.0, 2.0, 4.0, 4.0, 2.0, 3.0, 1.0, 1.0, 1.0, 1.0, 1.0, 1.0, 1.0, 1.0, 1.0, 1.0, 1.0, 1.0, 3.0, 5.0, 7.0, 7.0, 3.0, 3.0, 3.0, 3.0, 7.0, 7.0, 7.0, 7.0, 7.0, 7.0, 1.0, 4.0, 4.0, 4.0, 2.0, 4.0, 4.0, 5.0, 2.0, 4.0, 4.0, 2.0, 4.0, 4.0, 4.0, 4.0, 4.0, 4.0, 5.0, 5.0, 6.0, 2.0, 3.0, 3.0, 6.0, 5.0, 4.0, 6.0, 3.0, 3.0, 3.0, 1.0, 1.0, 1.0, 3.0, 3.0, 4.0, 3.0]","[2.0, 2.0, 1.0, 3.0, 3.0, 1.0, 2.0, 0.0, 0.0, 0.0, 0.0, 0.0, 0.0, 0.0, 0.0, 0.0, 0.0, 0.0, 0.0, 2.0, 4.0, 6.0, 6.0, 2.0, 2.0, 2.0, 2.0, 6.0, 6.0, 7.0, 6.0, 6.0, 6.0, 0.0, 3.0, 3.0, 3.0, 1.0, 3.0, 3.0, 4.0, 1.0, 3.0, 3.0, 1.0, 3.0, 3.0, 3.0, 3.0, 3.0, 3.0, 4.0, 4.0, 5.0, 1.0, 2.0, 2.0, 5.0, 4.0, 3.0, 5.0, 2.0, 2.0, 2.0, 0.0, 0.0, 0.0, 2.0, 2.0, 3.0, 2.0]"
148,3.0,promote_single_64,2.0,28.0,30.0,5.0,3.0,"[8, 28, 34, 38, 49]","[8, 28, 35, 39, 64]","[7, 8, 9, 10, 11, 12, 13, 14, 15, 16, 17, 18, 19, 20, 21, 22, 23, 24, 25, 26, 27, 28, 29, 30, 31, 32, 33, 34, 35, 36, 37, 38, 39, 40, 41, 42, 43, 44, 45, 46, 47, 48, 49, 50, 51, 52, 53, 54, 55, 56, 57, 58, 59, 60, 61, 62, 63, 64, 65, 66, 67, 68, 69, 70, 89, 90, 91, 92, 93, 94, 95]","[3.0, 3.0, 2.0, 4.0, 4.0, 2.0, 3.0, 1.0, 1.0, 1.0, 1.0, 1.0, 1.0, 1.0, 1.0, 1.0, 1.0, 1.0, 1.0, 3.0, 5.0, 7.0, 7.0, 3.0, 3.0, 3.0, 3.0, 7.0, 7.0, 7.0, 7.0, 7.0, 7.0, 1.0, 4.0, 4.0, 4.0, 2.0, 4.0, 4.0, 5.0, 2.0, 4.0, 4.0, 2.0, 4.0, 4.0, 4.0, 4.0, 4.0, 4.0, 5.0, 5.0, 6.0, 2.0, 3.0, 3.0, 6.0, 5.0, 4.0, 6.0, 3.0, 3.0, 3.0, 1.0, 1.0, 1.0, 3.0, 3.0, 4.0, 3.0]","[2.0, 2.0, 1.0, 3.0, 3.0, 1.0, 2.0, 0.0, 0.0, 0.0, 0.0, 0.0, 0.0, 0.0, 0.0, 0.0, 0.0, 0.0, 0.0, 2.0, 4.0, 6.0, 6.0, 2.0, 2.0, 2.0, 2.0, 6.0, 6.0, 6.0, 6.0, 6.0, 6.0, 0.0, 3.0, 3.0, 3.0, 1.0, 3.0, 3.0, 4.0, 1.0, 3.0, 3.0, 1.0, 3.0, 3.0, 3.0, 3.0, 3.0, 3.0, 4.0, 4.0, 5.0, 1.0, 2.0, 2.0, 7.0, 4.0, 3.0, 5.0, 2.0, 2.0, 2.0, 0.0, 0.0, 0.0, 2.0, 2.0, 3.0, 2.0]"
148,3.0,promote_single_67,2.0,28.0,30.0,5.0,3.0,"[8, 28, 34, 38, 49]","[26, 28, 35, 39, 67]","[7, 8, 9, 10, 11, 12, 13, 14, 15, 16, 17, 18, 19, 20, 21, 22, 23, 24, 25, 26, 27, 28, 29, 30, 31, 32, 33, 34, 35, 36, 37, 38, 39, 40, 41, 42, 43, 44, 45, 46, 47, 48, 49, 50, 51, 52, 53, 54, 55, 56, 57, 58, 59, 60, 61, 62, 63, 64, 65, 66, 67, 68, 69, 70, 89, 90, 91, 92, 93, 94, 95]","[3.0, 3.0, 2.0, 4.0, 4.0, 2.0, 3.0, 1.0, 1.0, 1.0, 1.0, 1.0, 1.0, 1.0, 1.0, 1.0, 1.0, 1.0, 1.0, 3.0, 5.0, 7.0, 7.0, 3.0, 3.0, 3.0, 3.0, 7.0, 7.0, 7.0, 7.0, 7.0, 7.0, 1.0, 4.0, 4.0, 4.0, 2.0, 4.0, 4.0, 5.0, 2.0, 4.0, 4.0, 2.0, 4.0, 4.0, 4.0, 4.0, 4.0, 4.0, 5.0, 5.0, 6.0, 2.0, 3.0, 3.0, 6.0, 5.0, 4.0, 6.0, 3.0, 3.0, 3.0, 1.0, 1.0, 1.0, 3.0, 3.0, 4.0, 3.0]","[2.0, 2.0, 1.0, 3.0, 3.0, 1.0, 2.0, 0.0, 0.0, 0.0, 0.0, 0.0, 0.0, 0.0, 0.0, 0.0, 0.0, 0.0, 0.0, 2.0, 4.0, 6.0, 6.0, 2.0, 2.0, 2.0, 2.0, 6.0, 6.0, 6.0, 6.0, 6.0, 6.0, 0.0, 3.0, 3.0, 3.0, 1.0, 3.0, 3.0, 4.0, 1.0, 3.0, 3.0, 1.0, 3.0, 3.0, 3.0, 3.0, 3.0, 3.0, 4.0, 4.0, 5.0, 1.0, 2.0, 2.0, 5.0, 4.0, 3.0, 7.0, 2.0, 2.0, 2.0, 0.0, 0.0, 0.0, 2.0, 2.0, 3.0, 2.0]"
16,5.0,boost_missed,5.0,15.0,20.0,5.0,0.0,"[62, 66, 79]","[74, 79, 86, 87]","[62, 66, 74, 79, 84, 86, 87]","[5.0, 5.0, 5.0, 5.0, 5.0, 5.0, 5.0]","[3.0, 3.0, 7.0, 3.0, 5.0, 7.0, 7.0]"
5,6.0,promote_single_74,4.0,18.0,22.0,5.0,1.0,"[62, 84, 86]","[74, 83, 84, 86]","[62, 66, 73, 74, 79, 81, 82, 83, 84, 85, 86]","[6.0, 3.0, 2.0, 5.0, 3.0, 4.0, 3.0, 5.0, 6.0, 4.0, 6.0]","[5.0, 2.0, 1.0, 7.0, 2.0, 3.0, 2.0, 4.0, 5.0, 3.0, 5.0]"
225,1.0,boost_missed,2.0,19.0,21.0,5.0,3.0,"[11, 31, 32]","[31, 33, 91, 92]","[9, 10, 11, 12, 13, 27, 28, 29, 30, 31, 32, 33, 91, 92, 93, 94, 95]","[4.0, 7.0, 7.0, 5.0, 5.0, 5.0, 5.0, 5.0, 5.0, 5.0, 7.0, 7.0, 4.0, 5.0, 3.0, 4.0, 4.0]","[4.0, 7.0, 5.0, 5.0, 5.0, 5.0, 5.0, 5.0, 5.0, 3.0, 5.0, 7.0, 4.0, 7.0, 3.0, 4.0, 4.0]"
225,1.0,demote_assigned,2.0,19.0,21.0,5.0,3.0,"[11, 31, 32]","[27, 31, 33, 91]","[9, 10, 11, 12, 13, 27, 28, 29, 30, 31, 32, 33, 91, 92, 93, 94, 95]","[4.0, 7.0, 7.0, 5.0, 5.0, 5.0, 5.0, 5.0, 5.0, 5.0, 7.0, 7.0, 4.0, 5.0, 3.0, 4.0, 4.0]","[4.0, 7.0, 4.0, 5.0, 5.0, 5.0, 5.0, 5.0, 5.0, 2.0, 4.0, 7.0, 4.0, 5.0, 3.0, 4.0, 4.0]"
